/*
Navicat MySQL Data Transfer

Source Server         : MyCon
Source Server Version : 50717
Source Host           : localhost:3306
Source Database       : vhr

Target Server Type    : MYSQL
Target Server Version : 50717
File Encoding         : 65001

Date: 2018-02-05 11:25:15
*/
-- ----------------------------
-- Records of adjustsalary
-- ----------------------------

-- ----------------------------
-- Records of appraise
-- ----------------------------

-- ----------------------------
-- Table structure for department
-- ----------------------------
DROP TABLE IF EXISTS `department`;
CREATE TABLE `department` (
  `id` int(11) NOT NULL AUTO_INCREMENT,
  `name` varchar(32) DEFAULT NULL COMMENT '部门名称',
  `parentId` int(11) DEFAULT NULL,
  `depPath` varchar(255) DEFAULT NULL,
  `enabled` tinyint(1) DEFAULT '1',
  `isParent` tinyint(1) DEFAULT '0',
  PRIMARY KEY (`id`)
) ENGINE=InnoDB AUTO_INCREMENT=93 DEFAULT CHARSET=utf8;


-- ----------------------------
-- Table structure for hr
-- ----------------------------
DROP TABLE IF EXISTS `hr`;
CREATE TABLE `hr` (
  `id` int(11) NOT NULL AUTO_INCREMENT COMMENT 'hrID',
  `name` varchar(32) DEFAULT NULL COMMENT '姓名',
  `phone` char(11) DEFAULT NULL COMMENT '手机号码',
  `telephone` varchar(16) DEFAULT NULL COMMENT '住宅电话',
  `address` varchar(64) DEFAULT NULL COMMENT '联系地址',
  `enabled` tinyint(1) DEFAULT '1',
  `username` varchar(255) DEFAULT NULL COMMENT '用户名',
  `password` varchar(255) DEFAULT NULL COMMENT '密码',
  `userface` varchar(255) DEFAULT NULL,
  `remark` varchar(255) DEFAULT NULL,
  PRIMARY KEY (`id`)
) ENGINE=InnoDB AUTO_INCREMENT=13 DEFAULT CHARSET=utf8;

-- ----------------------------
-- Records of hr
-- ----------------------------
INSERT INTO `hr` VALUES ('3', '系统管理员', '18568887789', '029-82881234', '深圳南山', '1', 'admin', '$2a$10$ySG2lkvjFHY5O0./CPIE1OI8VJsuKYEzOYzqIa7AJR6sEgSzUFOAm', 'http://bpic.588ku.com/element_pic/01/40/00/64573ce2edc0728.jpg', null);
INSERT INTO `hr` VALUES ('5', '李白', '18568123489', '029-82123434', '海口美兰', '1', 'libai', '$2a$10$oE39aG10kB/rFu2vQeCJTu/V/v4n6DRR0f8WyXRiAYvBpmadoOBE.', 'https://timgsa.baidu.com/timg?image&quality=80&size=b9999_10000&sec=1514093920321&di=913e88c23f382933ef430024afd9128a&imgtype=0&src=http%3A%2F%2Fp.3761.com%2Fpic%2F9771429316733.jpg', null);
INSERT INTO `hr` VALUES ('10', '韩愈', '18568123666', '029-82111555', '广州番禺', '1', 'hanyu', '$2a$10$oE39aG10kB/rFu2vQeCJTu/V/v4n6DRR0f8WyXRiAYvBpmadoOBE.', 'https://ss3.bdstatic.com/70cFv8Sh_Q1YnxGkpoWK1HF6hhy/it/u=1406745149,1563524794&fm=27&gp=0.jpg', null);
INSERT INTO `hr` VALUES ('11', '柳宗元', '18568123377', '029-82111333', '广州天河', '1', 'liuzongyuan', '$2a$10$oE39aG10kB/rFu2vQeCJTu/V/v4n6DRR0f8WyXRiAYvBpmadoOBE.', 'https://timgsa.baidu.com/timg?image&quality=80&size=b9999_10000&sec=1515233756&di=0856d923a0a37a87fd26604a2c871370&imgtype=jpg&er=1&src=http%3A%2F%2Fwww.qqzhi.com%2Fuploadpic%2F2014-09-27%2F041716704.jpg', null);
INSERT INTO `hr` VALUES ('12', '曾巩', '18568128888', '029-82111222', '广州越秀', '1', 'zenggong', '$2a$10$oE39aG10kB/rFu2vQeCJTu/V/v4n6DRR0f8WyXRiAYvBpmadoOBE.', 'https://timgsa.baidu.com/timg?image&quality=80&size=b9999_10000&sec=1517070040185&di=be0375e0c3db6c311b837b28c208f318&imgtype=0&src=http%3A%2F%2Fimg2.soyoung.com%2Fpost%2F20150213%2F6%2F20150213141918532.jpg', null);

-- ----------------------------
-- Table structure for hr_role
-- ----------------------------
DROP TABLE IF EXISTS `hr_role`;
CREATE TABLE `hr_role` (
  `id` int(11) NOT NULL AUTO_INCREMENT,
  `hrid` int(11) DEFAULT NULL,
  `rid` int(11) DEFAULT NULL,
  PRIMARY KEY (`id`),
  KEY `rid` (`rid`),
  KEY `hr_role_ibfk_1` (`hrid`),
  CONSTRAINT `hr_role_ibfk_1` FOREIGN KEY (`hrid`) REFERENCES `hr` (`id`) ON DELETE CASCADE,
  CONSTRAINT `hr_role_ibfk_2` FOREIGN KEY (`rid`) REFERENCES `role` (`id`)
) ENGINE=InnoDB AUTO_INCREMENT=50 DEFAULT CHARSET=utf8;

-- ----------------------------
-- Records of hr_role
-- ----------------------------
INSERT INTO `hr_role` VALUES ('1', '3', '6');
INSERT INTO `hr_role` VALUES ('9', '5', '1');
INSERT INTO `hr_role` VALUES ('10', '5', '4');
INSERT INTO `hr_role` VALUES ('35', '12', '4');
INSERT INTO `hr_role` VALUES ('36', '12', '3');
INSERT INTO `hr_role` VALUES ('37', '12', '2');
INSERT INTO `hr_role` VALUES ('43', '11', '3');
INSERT INTO `hr_role` VALUES ('44', '11', '2');
INSERT INTO `hr_role` VALUES ('45', '11', '4');
INSERT INTO `hr_role` VALUES ('46', '11', '5');
INSERT INTO `hr_role` VALUES ('48', '10', '3');
INSERT INTO `hr_role` VALUES ('49', '10', '4');

-- ----------------------------
-- Table structure for joblevel
-- ----------------------------
DROP TABLE IF EXISTS `joblevel`;
CREATE TABLE `joblevel` (
  `id` int(11) NOT NULL AUTO_INCREMENT,
  `name` varchar(32) DEFAULT NULL COMMENT '职称名称',
  `titleLevel` enum('正高级','副高级','中级','初级','员级') DEFAULT NULL,
  `createDate` timestamp NULL DEFAULT CURRENT_TIMESTAMP,
  `enabled` tinyint(1) DEFAULT '1',
  PRIMARY KEY (`id`)
) ENGINE=InnoDB AUTO_INCREMENT=18 DEFAULT CHARSET=utf8;

-- ----------------------------
-- Records of joblevel
-- ----------------------------
INSERT INTO `joblevel` VALUES ('9', '教授', '正高级', '2018-01-11 21:19:14', '1');
INSERT INTO `joblevel` VALUES ('10', '副教授', '副高级', '2018-01-11 21:19:20', '1');
INSERT INTO `joblevel` VALUES ('12', '助教', '初级', '2018-01-11 21:35:39', '1');
INSERT INTO `joblevel` VALUES ('13', '讲师', '中级', '2018-01-11 22:42:12', '1');
INSERT INTO `joblevel` VALUES ('14', '初级工程师', '初级', '2018-01-14 16:18:50', '1');
INSERT INTO `joblevel` VALUES ('15', '中级工程师', '中级', '2018-01-14 16:19:00', '1');
INSERT INTO `joblevel` VALUES ('16', '高级工程师', '副高级', '2018-01-14 16:19:14', '1');
INSERT INTO `joblevel` VALUES ('17', '骨灰级工程师', '正高级', '2018-01-14 16:19:24', '1');

-- ----------------------------
-- Table structure for menu
-- ----------------------------
DROP TABLE IF EXISTS `menu`;
CREATE TABLE `menu` (
  `id` int(11) NOT NULL AUTO_INCREMENT,
  `url` varchar(64) DEFAULT NULL,
  `path` varchar(64) DEFAULT NULL,
  `component` varchar(64) DEFAULT NULL,
  `name` varchar(64) DEFAULT NULL,
  `iconCls` varchar(64) DEFAULT NULL,
  `keepAlive` tinyint(1) DEFAULT NULL,
  `requireAuth` tinyint(1) DEFAULT NULL,
  `parentId` int(11) DEFAULT NULL,
  `enabled` tinyint(1) DEFAULT '1',
  PRIMARY KEY (`id`),
  KEY `parentId` (`parentId`),
  CONSTRAINT `menu_ibfk_1` FOREIGN KEY (`parentId`) REFERENCES `menu` (`id`)
) ENGINE=InnoDB AUTO_INCREMENT=29 DEFAULT CHARSET=utf8;

-- ----------------------------
-- Records of menu
-- ----------------------------
INSERT INTO `menu` VALUES ('1', '/', null, null, '所有', null, null, null, null, '1');
INSERT INTO `menu` VALUES ('2', '/', '/home', 'Home', '员工资料', 'fa fa-user-circle-o', null, '1', '1', '1');
INSERT INTO `menu` VALUES ('3', '/', '/home', 'Home', '人事管理', 'fa fa-address-card-o', null, '1', '1', '1');
INSERT INTO `menu` VALUES ('4', '/', '/home', 'Home', '薪资管理', 'fa fa-money', null, '1', '1', '1');
INSERT INTO `menu` VALUES ('5', '/', '/home', 'Home', '统计管理', 'fa fa-bar-chart', null, '1', '1', '1');
INSERT INTO `menu` VALUES ('6', '/', '/home', 'Home', '系统管理', 'fa fa-windows', null, '1', '1', '1');
INSERT INTO `menu` VALUES ('7', '/employee/basic/**', '/emp/basic', 'EmpBasic', '基本资料', null, null, '1', '2', '1');
INSERT INTO `menu` VALUES ('8', '/employee/advanced/**', '/emp/adv', 'EmpAdv', '高级资料', null, null, '1', '2', '0');
INSERT INTO `menu` VALUES ('9', '/personnel/emp/**', '/per/emp', 'PerEmp', '员工资料', null, null, '1', '3', '0');
INSERT INTO `menu` VALUES ('10', '/personnel/ec/**', '/per/ec', 'PerEc', '员工奖惩', null, null, '1', '3', '1');
INSERT INTO `menu` VALUES ('11', '/personnel/train/**', '/per/train', 'PerTrain', '员工培训', null, null, '1', '3', '1');
INSERT INTO `menu` VALUES ('12', '/personnel/salary/**', '/per/salary', 'PerSalary', '员工调薪', null, null, '1', '3', '1');
INSERT INTO `menu` VALUES ('13', '/personnel/remove/**', '/per/mv', 'PerMv', '员工调动', null, null, '1', '3', '1');
INSERT INTO `menu` VALUES ('14', '/salary/sob/**', '/sal/sob', 'SalSob', '工资账套管理', null, null, '1', '4', '1');
INSERT INTO `menu` VALUES ('15', '/salary/sobcfg/**', '/sal/sobcfg', 'SalSobCfg', '员工账套设置', null, null, '1', '4', '1');
INSERT INTO `menu` VALUES ('16', '/salary/table/**', '/sal/table', 'SalTable', '工资表管理', null, null, '1', '4', '1');
INSERT INTO `menu` VALUES ('17', '/salary/month/**', '/sal/month', 'SalMonth', '月末处理', null, null, '1', '4', '1');
INSERT INTO `menu` VALUES ('18', '/salary/search/**', '/sal/search', 'SalSearch', '工资表查询', null, null, '1', '4', '1');
INSERT INTO `menu` VALUES ('19', '/statistics/all/**', '/sta/all', 'StaAll', '综合信息统计', null, null, '1', '5', '1');
INSERT INTO `menu` VALUES ('20', '/statistics/score/**', '/sta/score', 'StaScore', '员工积分统计', null, null, '1', '5', '1');
INSERT INTO `menu` VALUES ('21', '/statistics/personnel/**', '/sta/pers', 'StaPers', '人事信息统计', null, null, '1', '5', '1');
INSERT INTO `menu` VALUES ('22', '/statistics/recored/**', '/sta/record', 'StaRecord', '人事记录统计', null, null, '1', '5', '1');
INSERT INTO `menu` VALUES ('23', '/system/basic/**', '/sys/basic', 'SysBasic', '基础信息设置', null, null, '1', '6', '1');
INSERT INTO `menu` VALUES ('24', '/system/cfg/**', '/sys/cfg', 'SysCfg', '系统管理', null, null, '1', '6', '1');
INSERT INTO `menu` VALUES ('25', '/system/log/**', '/sys/log', 'SysLog', '操作日志管理', null, null, '1', '6', '1');
INSERT INTO `menu` VALUES ('26', '/system/hr/**', '/sys/hr', 'SysHr', '操作员管理', null, null, '1', '6', '1');
INSERT INTO `menu` VALUES ('27', '/system/data/**', '/sys/data', 'SysData', '备份恢复数据库', null, null, '1', '6', '1');
INSERT INTO `menu` VALUES ('28', '/system/init/**', '/sys/init', 'SysInit', '初始化数据库', null, null, '1', '6', '1');

-- ----------------------------
-- Table structure for menu_role
-- ----------------------------
DROP TABLE IF EXISTS `menu_role`;
CREATE TABLE `menu_role` (
  `id` int(11) NOT NULL AUTO_INCREMENT,
  `mid` int(11) DEFAULT NULL,
  `rid` int(11) DEFAULT NULL,
  PRIMARY KEY (`id`),
  KEY `mid` (`mid`),
  KEY `rid` (`rid`),
  CONSTRAINT `menu_role_ibfk_1` FOREIGN KEY (`mid`) REFERENCES `menu` (`id`),
  CONSTRAINT `menu_role_ibfk_2` FOREIGN KEY (`rid`) REFERENCES `role` (`id`)
) ENGINE=InnoDB AUTO_INCREMENT=278 DEFAULT CHARSET=utf8;

-- ----------------------------
-- Records of menu_role
-- ----------------------------
INSERT INTO `menu_role` VALUES ('161', '7', '3');
INSERT INTO `menu_role` VALUES ('162', '7', '6');
INSERT INTO `menu_role` VALUES ('163', '9', '6');
INSERT INTO `menu_role` VALUES ('164', '10', '6');
INSERT INTO `menu_role` VALUES ('165', '11', '6');
INSERT INTO `menu_role` VALUES ('166', '12', '6');
INSERT INTO `menu_role` VALUES ('167', '13', '6');
INSERT INTO `menu_role` VALUES ('168', '14', '6');
INSERT INTO `menu_role` VALUES ('169', '15', '6');
INSERT INTO `menu_role` VALUES ('170', '16', '6');
INSERT INTO `menu_role` VALUES ('171', '17', '6');
INSERT INTO `menu_role` VALUES ('172', '18', '6');
INSERT INTO `menu_role` VALUES ('173', '19', '6');
INSERT INTO `menu_role` VALUES ('174', '20', '6');
INSERT INTO `menu_role` VALUES ('175', '21', '6');
INSERT INTO `menu_role` VALUES ('176', '22', '6');
INSERT INTO `menu_role` VALUES ('177', '23', '6');
INSERT INTO `menu_role` VALUES ('178', '25', '6');
INSERT INTO `menu_role` VALUES ('179', '26', '6');
INSERT INTO `menu_role` VALUES ('180', '27', '6');
INSERT INTO `menu_role` VALUES ('181', '28', '6');
INSERT INTO `menu_role` VALUES ('182', '24', '6');
INSERT INTO `menu_role` VALUES ('247', '7', '4');
INSERT INTO `menu_role` VALUES ('248', '8', '4');
INSERT INTO `menu_role` VALUES ('249', '11', '4');
INSERT INTO `menu_role` VALUES ('250', '7', '2');
INSERT INTO `menu_role` VALUES ('251', '8', '2');
INSERT INTO `menu_role` VALUES ('252', '9', '2');
INSERT INTO `menu_role` VALUES ('253', '10', '2');
INSERT INTO `menu_role` VALUES ('254', '12', '2');
INSERT INTO `menu_role` VALUES ('255', '13', '2');
INSERT INTO `menu_role` VALUES ('256', '7', '1');
INSERT INTO `menu_role` VALUES ('257', '8', '1');
INSERT INTO `menu_role` VALUES ('258', '9', '1');
INSERT INTO `menu_role` VALUES ('259', '10', '1');
INSERT INTO `menu_role` VALUES ('260', '11', '1');
INSERT INTO `menu_role` VALUES ('261', '12', '1');
INSERT INTO `menu_role` VALUES ('262', '13', '1');
INSERT INTO `menu_role` VALUES ('263', '14', '1');
INSERT INTO `menu_role` VALUES ('264', '15', '1');
INSERT INTO `menu_role` VALUES ('265', '16', '1');
INSERT INTO `menu_role` VALUES ('266', '17', '1');
INSERT INTO `menu_role` VALUES ('267', '18', '1');
INSERT INTO `menu_role` VALUES ('268', '19', '1');
INSERT INTO `menu_role` VALUES ('269', '20', '1');
INSERT INTO `menu_role` VALUES ('270', '21', '1');
INSERT INTO `menu_role` VALUES ('271', '22', '1');
INSERT INTO `menu_role` VALUES ('272', '23', '1');
INSERT INTO `menu_role` VALUES ('273', '24', '1');
INSERT INTO `menu_role` VALUES ('274', '25', '1');
INSERT INTO `menu_role` VALUES ('275', '26', '1');
INSERT INTO `menu_role` VALUES ('276', '27', '1');
INSERT INTO `menu_role` VALUES ('277', '28', '1');

-- ----------------------------
-- Table structure for oplog
-- ----------------------------
DROP TABLE IF EXISTS `oplog`;
CREATE TABLE `oplog` (
  `id` int(11) NOT NULL AUTO_INCREMENT,
  `addDate` date DEFAULT NULL COMMENT '添加日期',
  `operate` varchar(255) DEFAULT NULL COMMENT '操作内容',
  `hrid` int(11) DEFAULT NULL COMMENT '操作员ID',
  PRIMARY KEY (`id`),
  KEY `hrid` (`hrid`),
  CONSTRAINT `oplog_ibfk_1` FOREIGN KEY (`hrid`) REFERENCES `hr` (`id`)
) ENGINE=InnoDB DEFAULT CHARSET=utf8;

-- ----------------------------
-- Records of oplog
-- ----------------------------

-- ----------------------------
-- Table structure for position
-- ----------------------------
DROP TABLE IF EXISTS `position`;
CREATE TABLE `position` (
  `id` int(11) NOT NULL AUTO_INCREMENT,
  `name` varchar(32) DEFAULT NULL COMMENT '职位',
  `createDate` timestamp NULL DEFAULT CURRENT_TIMESTAMP,
  `enabled` tinyint(1) DEFAULT '1',
  PRIMARY KEY (`id`),
  UNIQUE KEY `name` (`name`)
) ENGINE=InnoDB AUTO_INCREMENT=35 DEFAULT CHARSET=utf8;

-- ----------------------------
-- Records of position
-- ----------------------------
INSERT INTO `position` VALUES ('29', '技术总监', '2018-01-11 21:13:42', '1');
INSERT INTO `position` VALUES ('30', '运营总监', '2018-01-11 21:13:48', '1');
INSERT INTO `position` VALUES ('31', '市场总监', '2018-01-11 21:13:56', '1');
INSERT INTO `position` VALUES ('32', '总经理', '2018-01-11 21:35:07', '1');
INSERT INTO `position` VALUES ('33', '研发工程师', '2018-01-14 16:07:11', '1');
INSERT INTO `position` VALUES ('34', '运维工程师', '2018-01-14 16:11:41', '1');

-- ----------------------------
-- Table structure for role
-- ----------------------------
DROP TABLE IF EXISTS `role`;
CREATE TABLE `role` (
  `id` int(11) NOT NULL AUTO_INCREMENT,
  `name` varchar(64) DEFAULT NULL,
  `nameZh` varchar(64) DEFAULT NULL COMMENT '角色名称',
  PRIMARY KEY (`id`)
) ENGINE=InnoDB AUTO_INCREMENT=15 DEFAULT CHARSET=utf8;

-- ----------------------------
-- Records of role
-- ----------------------------
INSERT INTO `role` VALUES ('1', 'ROLE_manager', '部门经理');
INSERT INTO `role` VALUES ('2', 'ROLE_personnel', '人事专员');
INSERT INTO `role` VALUES ('3', 'ROLE_recruiter', '招聘主管');
INSERT INTO `role` VALUES ('4', 'ROLE_train', '培训主管');
INSERT INTO `role` VALUES ('5', 'ROLE_performance', '薪酬绩效主管');
INSERT INTO `role` VALUES ('6', 'ROLE_admin', '系统管理员');
INSERT INTO `role` VALUES ('13', 'ROLE_test2', '测试角色2');
INSERT INTO `role` VALUES ('14', 'ROLE_test1', '测试角色1');

-- ----------------------------
-- Procedure structure for addDep
-- ----------------------------
DROP PROCEDURE IF EXISTS `addDep`;
DELIMITER ;;
CREATE DEFINER=`root`@`localhost` PROCEDURE `addDep`(in depName varchar(32),in parentId int,in enabled boolean,out result int,out result2 int)
begin
  declare did int;
  declare pDepPath varchar(64);
  insert into department set name=depName,parentId=parentId,enabled=enabled;
  select row_count() into result;
  select last_insert_id() into did;
  set result2=did;
  select depPath into pDepPath from department where id=parentId;
  update department set depPath=concat(pDepPath,'.',did) where id=did;
  update department set isParent=true where id=parentId;
end
;;
DELIMITER ;

-- ----------------------------
-- Procedure structure for deleteDep
-- ----------------------------
DROP PROCEDURE IF EXISTS `deleteDep`;
DELIMITER ;;
CREATE DEFINER=`root`@`localhost` PROCEDURE `deleteDep`(in did int,out result int)
begin
  declare ecount int;
  declare pid int;
  declare pcount int;
  select count(*) into ecount from employee where departmentId=did;
  if ecount>0 then set result=-1;
  else 
  select parentId into pid from department where id=did;
  delete from department where id=did and isParent=false;
  select row_count() into result;
  select count(*) into pcount from department where parentId=pid;
  if pcount=0 then update department set isParent=false where id=pid;
  end if;
  end if;
end
;;
DELIMITER ;
SET FOREIGN_KEY_CHECKS=1;
